"Cap waktu","Nama:","Jenis Kelamin:","Umur:","Kesesuaian tampilan dan isi yang yang disajikan pada website","Ketepatan penggunaan warna pada tampilan website","Ketepatan pemilihan jenis font pada tampilan website","Ketepatan penggunaan warna tulisan pada website","Ketepatan penggunaan desain background pada website","Pemilihan bentuk tombol pada desain website","Ketepatan tata letak gambar dan informasi pada tampilan website","Penyajian isi konten dalam website","Penyajian informasi Pura Mutering Jagat Dalem Sidakarya","Fitur-fitur yang tersedia pada website","Penyajian Video Pengenalan dan Foto-foto mengenai Pura Mutering Jagat Sidakarya","Ketepatan penyampaian informasi pada Video Pengenalan dan Aplikasi Virtual Tour yang disajikan di dalam website","Kesesuaian fungsi tombol-tombol yang terdapat pada website","Kemudahan dalam mengoperasikan website","Kenyamanan dalam mengakses informasi dan fitur pada website"
"2022/04/07 12:57:58 AM GMT+8","Bagus Krisnha Ananda","Laki-laki","17 Tahun sampai dengan 30 Tahun","Sangat Baik","Baik","Baik","Sangat Baik","Sangat Baik","Sangat Baik","Baik","Sangat Baik","Sangat Baik","Baik","Sangat Baik","Baik","Sangat Baik","Baik","Sangat Baik"
"2022/04/07 1:08:02 AM GMT+8","widya maharanj","Perempuan","17 Tahun sampai dengan 30 Tahun","Baik","Baik","Baik","Sangat Baik","Baik","Baik","Baik","Sangat Baik","Sangat Baik","Baik","Baik","Baik","Sangat Baik","Baik","Baik"
"2022/04/07 1:08:19 AM GMT+8","I Ketut Yuda Setya Permana","Laki-laki","17 Tahun sampai dengan 30 Tahun","Baik","Baik","Baik","Sangat Baik","Sangat Baik","Baik","Sangat Baik","Baik","Sangat Baik","Baik","Sangat Baik","Baik","Baik","Sangat Baik","Sangat Baik"
"2022/04/07 1:10:17 AM GMT+8","Putu Tika Wijayanti","Perempuan","17 Tahun sampai dengan 30 Tahun","Sangat Baik","Sangat Baik","Sangat Baik","Sangat Baik","Sangat Baik","Baik","Baik","Sangat Baik","Sangat Baik","Sangat Baik","Sangat Baik","Sangat Baik","Sangat Baik","Sangat Baik","Sangat Baik"
"2022/04/07 1:10:40 AM GMT+8","Tiwik","Perempuan","Kurang dari 17 Tahun","Sangat Baik","Sangat Baik","Sangat Baik","Sangat Baik","Baik","Baik","Baik","Baik","Sangat Baik","Sangat Baik","Baik","Sangat Baik","Sangat Baik","Baik","Baik"
"2022/04/07 1:12:41 AM GMT+8","I nym hary kurniawan","Laki-laki","17 Tahun sampai dengan 30 Tahun","Sangat Baik","Sangat Baik","Sangat Baik","Sangat Baik","Sangat Baik","Sangat Baik","Sangat Baik","Sangat Baik","Sangat Baik","Sangat Baik","Sangat Baik","Sangat Baik","Sangat Baik","Sangat Baik","Sangat Baik"
"2022/04/07 1:25:01 AM GMT+8","A.A. Ngurah Bisma Prasatria","Laki-laki","17 Tahun sampai dengan 30 Tahun","Sangat Baik","Baik","Baik","Sangat Baik","Sangat Baik","Baik","Cukup","Sangat Baik","Baik","Baik","Sangat Baik","Baik","Baik","Sangat Baik","Baik"
"2022/04/07 5:44:53 AM GMT+8","Apriliya","Perempuan","17 Tahun sampai dengan 30 Tahun","Sangat Baik","Sangat Baik","Sangat Baik","Sangat Baik","Sangat Baik","Sangat Baik","Sangat Baik","Sangat Baik","Sangat Baik","Sangat Baik","Sangat Baik","Sangat Baik","Sangat Baik","Sangat Baik","Sangat Baik"
"2022/04/07 6:01:00 AM GMT+8","Anak Agung Putra Ariska Wijaya","Laki-laki","17 Tahun sampai dengan 30 Tahun","Cukup","Baik","Cukup","Kurang","Cukup","Kurang","Baik","Baik","Cukup","Cukup","Baik","Baik","Kurang","Cukup","Baik"
"2022/04/07 6:07:34 AM GMT+8","dias","Perempuan","Lebih dari 30 Tahun","Sangat Baik","Baik","Baik","Baik","Baik","Baik","Baik","Sangat Baik","Baik","Baik","Baik","Sangat Baik","Sangat Baik","Sangat Baik","Baik"
"2022/04/07 6:07:41 AM GMT+8","Paramita","Perempuan","Lebih dari 30 Tahun","Sangat Baik","Sangat Baik","Sangat Baik","Sangat Baik","Sangat Baik","Sangat Baik","Sangat Baik","Sangat Baik","Sangat Baik","Sangat Baik","Sangat Baik","Sangat Baik","Sangat Baik","Sangat Baik","Sangat Baik"
"2022/04/07 6:36:31 AM GMT+8","A.A.Gde Ngurah Rama Diva ","Laki-laki","17 Tahun sampai dengan 30 Tahun","Sangat Baik","Sangat Baik","Sangat Baik","Baik","Baik","Sangat Baik","Baik","Sangat Baik","Baik","Baik","Baik","Sangat Baik","Sangat Baik","Baik","Sangat Baik"
"2022/04/07 6:45:01 AM GMT+8","Sukma ","Perempuan","17 Tahun sampai dengan 30 Tahun","Baik","Sangat Baik","Baik","Baik","Baik","Baik","Baik","Baik","Sangat Baik","Baik","Sangat Baik","Baik","Baik","Baik","Baik"
"2022/04/07 6:49:36 AM GMT+8","Ni Made Juliandari","Perempuan","Lebih dari 30 Tahun","Sangat Baik","Baik","Baik","Sangat Baik","Baik","Sangat Baik","Sangat Baik","Sangat Baik","Baik","Baik","Baik","Baik","Sangat Baik","Baik","Baik"
"2022/04/07 6:53:58 AM GMT+8","I Gusti Agung Ayu Wulan Kristiana","Perempuan","Lebih dari 30 Tahun","Sangat Baik","Baik","Baik","Baik","Sangat Baik","Baik","Baik","Sangat Baik","Sangat Baik","Baik","Sangat Baik","Baik","Baik","Baik","Sangat Baik"
"2022/04/07 6:56:07 AM GMT+8","I GST AYU SEPTI KARINA B","Perempuan","Lebih dari 30 Tahun","Sangat Baik","Baik","Baik","Sangat Baik","Baik","Baik","Sangat Baik","Baik","Sangat Baik","Sangat Baik","Sangat Baik","Baik","Baik","Baik","Sangat Baik"
"2022/04/07 7:02:20 AM GMT+8","Sukma","Perempuan","Lebih dari 30 Tahun","Sangat Baik","Baik","Sangat Baik","Sangat Baik","Baik","Sangat Baik","Baik","Sangat Baik","Sangat Baik","Sangat Baik","Sangat Baik","Sangat Baik","Sangat Baik","Sangat Baik","Sangat Baik"
"2022/04/07 7:14:06 AM GMT+8","IGAM Susanti","Perempuan","Lebih dari 30 Tahun","Sangat Baik","Sangat Baik","Sangat Baik","Sangat Baik","Sangat Baik","Sangat Baik","Sangat Baik","Sangat Baik","Sangat Baik","Sangat Baik","Sangat Baik","Sangat Baik","Sangat Baik","Sangat Baik","Sangat Baik"
"2022/04/07 7:27:20 AM GMT+8","Ni Putu Emi Yuliastari","Perempuan","Lebih dari 30 Tahun","Baik","Baik","Baik","Baik","Baik","Baik","Baik","Baik","Baik","Baik","Baik","Baik","Baik","Baik","Baik"
"2022/04/07 7:36:05 AM GMT+8","andita","Laki-laki","17 Tahun sampai dengan 30 Tahun","Baik","Sangat Baik","Sangat Baik","Baik","Baik","Baik","Baik","Sangat Baik","Sangat Baik","Sangat Baik","Baik","Baik","Baik","Sangat Baik","Baik"
"2022/04/07 7:43:18 AM GMT+8","I Ketut Agus Sugiartha","Laki-laki","17 Tahun sampai dengan 30 Tahun","Baik","Sangat Baik","Sangat Baik","Baik","Sangat Baik","Baik","Sangat Baik","Sangat Baik","Baik","Sangat Baik","Baik","Sangat Baik","Sangat Baik","Sangat Baik","Sangat Baik"
"2022/04/07 7:49:35 AM GMT+8","I Kadek Wahyu Wiguna","Laki-laki","17 Tahun sampai dengan 30 Tahun","Sangat Baik","Sangat Baik","Sangat Baik","Sangat Baik","Sangat Baik","Sangat Baik","Sangat Baik","Sangat Baik","Sangat Baik","Sangat Baik","Sangat Baik","Sangat Baik","Sangat Baik","Sangat Baik","Sangat Baik"
"2022/04/07 7:53:46 AM GMT+8","Putu Pradnyana Kusuma Putra","Laki-laki","17 Tahun sampai dengan 30 Tahun","Baik","Sangat Baik","Baik","Sangat Baik","Baik","Sangat Baik","Baik","Sangat Baik","Baik","Sangat Baik","Baik","Sangat Baik","Sangat Baik","Baik","Sangat Baik"
"2022/04/07 8:07:04 AM GMT+8","Maharta ","Laki-laki","17 Tahun sampai dengan 30 Tahun","Sangat Baik","Sangat Baik","Sangat Baik","Sangat Baik","Sangat Baik","Sangat Baik","Sangat Baik","Sangat Baik","Sangat Baik","Sangat Baik","Sangat Baik","Sangat Baik","Sangat Baik","Sangat Baik","Sangat Baik"
"2022/04/07 8:12:11 AM GMT+8","I MADE WIDYA NATHA","Laki-laki","17 Tahun sampai dengan 30 Tahun","Baik","Sangat Baik","Baik","Sangat Baik","Baik","Baik","Baik","Sangat Baik","Sangat Baik","Baik","Baik","Sangat Baik","Baik","Baik","Cukup"
"2022/04/07 8:23:31 AM GMT+8","Eva ","Perempuan","17 Tahun sampai dengan 30 Tahun","Baik","Baik","Baik","Baik","Baik","Baik","Baik","Baik","Baik","Cukup","Baik","Baik","Kurang","Kurang","Kurang"
"2022/04/07 8:37:02 AM GMT+8","sumardika","Laki-laki","Lebih dari 30 Tahun","Baik","Baik","Baik","Baik","Baik","Sangat Baik","Sangat Baik","Baik","Baik","Baik","Baik","Baik","Sangat Baik","Baik","Sangat Baik"
"2022/04/07 8:52:27 AM GMT+8","Yunita","Perempuan","17 Tahun sampai dengan 30 Tahun","Sangat Baik","Baik","Baik","Baik","Sangat Baik","Baik","Baik","Baik","Baik","Baik","Sangat Baik","Baik","Baik","Baik","Baik"
"2022/04/07 9:17:05 AM GMT+8","Kd. Ananda Yudistira","Laki-laki","17 Tahun sampai dengan 30 Tahun","Sangat Baik","Sangat Baik","Baik","Baik","Sangat Baik","Baik","Sangat Baik","Sangat Baik","Sangat Baik","Baik","Sangat Baik","Sangat Baik","Sangat Baik","Sangat Baik","Baik"
"2022/04/07 9:19:53 AM GMT+8","Cin","Perempuan","17 Tahun sampai dengan 30 Tahun","Baik","Baik","Cukup","Cukup","Baik","Baik","Baik","Baik","Sangat Baik","Baik","Baik","Baik","Baik","Baik","Baik"
"2022/04/07 9:21:13 AM GMT+8","shella febriana elnathan","Perempuan","17 Tahun sampai dengan 30 Tahun","Sangat Baik","Sangat Baik","Sangat Baik","Sangat Baik","Sangat Baik","Sangat Baik","Sangat Baik","Sangat Baik","Sangat Baik","Sangat Baik","Sangat Baik","Sangat Baik","Sangat Baik","Sangat Baik","Sangat Baik"
"2022/04/07 9:27:36 AM GMT+8","Harum","Perempuan","17 Tahun sampai dengan 30 Tahun","Sangat Baik","Sangat Baik","Sangat Baik","Sangat Baik","Sangat Baik","Sangat Baik","Sangat Baik","Sangat Baik","Sangat Baik","Sangat Baik","Sangat Baik","Sangat Baik","Sangat Baik","Sangat Baik","Sangat Baik"
"2022/04/07 9:45:10 AM GMT+8","NI LUH AYU GUSTINA DEWI","Perempuan","17 Tahun sampai dengan 30 Tahun","Sangat Baik","Sangat Baik","Sangat Baik","Sangat Baik","Sangat Baik","Sangat Baik","Sangat Baik","Sangat Baik","Sangat Baik","Sangat Baik","Sangat Baik","Sangat Baik","Sangat Baik","Sangat Baik","Baik"
"2022/04/07 9:57:40 AM GMT+8","Virana","Perempuan","17 Tahun sampai dengan 30 Tahun","Sangat Baik","Sangat Baik","Sangat Baik","Sangat Baik","Sangat Baik","Sangat Baik","Baik","Baik","Sangat Baik","Baik","Sangat Baik","Baik","Sangat Baik","Sangat Baik","Sangat Baik"